{
    "dmn": {
        "category": 2,
        "type": "dmn",
        "name": "DMN",
        "active": true,
        "updated_at": 978287400000,
        "updated_by": "actionabl",
        "readOnly": true
    },
    "rule": {
        "category": 3,
        "type": "rule",
        "name": "Rule",
        "active": true,
        "updated_at": 978287400000,
        "updated_by": "actionabl",
        "readOnly": true
    },
    "qc": {
        "category": 9,
        "type": "qc",
        "name": "QC",
        "active": true,
        "updated_at": 978287400000,
        "updated_by": "actionabl",
        "readOnly": true
    },
    "cron": {
        "category": 0,
        "type": "cron",
        "name": "Cron",
        "active": true,
        "updated_at": 978287400000,
        "updated_by": "actionabl",
        "readOnly": true
    },
    "http": {
        "category": 0,
        "type": "http",
        "name": "Http",
        "active": true,
        "updated_at": 978287400000,
        "updated_by": "actionabl",
        "readOnly": true
    },
    "report_scheduler_job": {
        "category": 8,
        "type": "report_scheduler_job",
        "name": "Report Scheduler",
        "active": true,
        "updated_at": 978287400000,
        "updated_by": "actionabl",
        "readOnly": true
    },
    "data_archive_scheduler_job": {
        "category": 8,
        "type": "data_archive_scheduler_job",
        "name": "Data Archive Scheduler",
        "active": true,
        "updated_at": 978287400000,
        "updated_by": "actionabl",
        "readOnly": true
    },
    "task_monitor_scheduler_job": {
        "category": 8,
        "type": "task_monitor_scheduler_job",
        "name": "Task Monitor Scheduler",
        "active": true,
        "updated_at": 978287400000,
        "updated_by": "actionabl",
        "readOnly": true
    },
    "folder_archive_scheduler_job": {
        "category": 8,
        "type": "folder_archive_scheduler_job",
        "name": "Folder Archive Scheduler",
        "active": true,
        "updated_at": 978287400000,
        "updated_by": "actionabl",
        "readOnly": true
    },
    "license_verifier_job": {
        "category": 8,
        "type": "license_verifier_job",
        "name": "License Verifier",
        "active": true,
        "updated_at": 978287400000,
        "updated_by": "actionabl",
        "readOnly": true
    },
    "batch_job_scheduler_job": {
        "category": 8,
        "type": "batch_job_scheduler_job",
        "name": "Batch Job Scheduler",
        "active": true,
        "updated_at": 978287400000,
        "updated_by": "actionabl",
        "readOnly": true
    },
    "task_metrics_scheduler_job": {
        "category": 8,
        "type": "task_metrics_scheduler_job",
        "name": "Task metrics Scheduler",
        "active": true,
        "updated_at": 978287400000,
        "updated_by": "actionabl",
        "readOnly": true
    },
    "support_mail_reader_job": {
        "category": 0,
        "type": "read_email",
        "name": "Read Support Emails",
        "active": true,
        "config_dat": {
            "email_account": "support_email_account",
            "email_fields": [
                "received_date",
                "sender",
                "message_uid",
                "subject",
                "email_message"
            ],
            "save_attachments": true,
            "attachment_category": 1,
            "attachment_access_level": 2,
            "save_email": true,
            "fetch_count": 10
        },
        "updated_at": 978287400000,
        "updated_by": "actionabl"
    },
    "rpa": {
        "category": 5,
        "type": "actionabl_rpa",
        "name": "Actionabl RPA",
        "active": true,
        "updated_at": 978287400000,
        "updated_by": "actionabl",
        "readOnly": true
    },
    "uipath": {
        "category": 5,
        "type": "uipath",
        "name": "UiPath",
        "active": true,
        "updated_at": 978287400000,
        "updated_by": "actionabl",
        "readOnly": true
    },
    "automation_anywhere": {
        "category": 5,
        "type": "automation_anywhere",
        "name": "Automation Anywhere",
        "active": true,
        "updated_at": 978287400000,
        "updated_by": "actionabl",
        "readOnly": true
    },
    "blue_prism": {
        "category": 5,
        "type": "blue_prism",
        "name": "BluePrism",
        "active": true,
        "updated_at": 978287400000,
        "updated_by": "actionabl",
        "readOnly": true
    },
    "ocr": {
        "category": 4,
        "type": "actionabl_ocr",
        "name": "Actionabl OCR",
        "active": true,
        "updated_at": 978287400000,
        "updated_by": "actionabl",
        "readOnly": true
    },
    "hyper_science": {
        "category": 4,
        "type": "hyper_science",
        "name": "HyperScience",
        "active": true,
        "updated_at": 978287400000,
        "updated_by": "actionabl",
        "readOnly": true
    },
    "vidado": {
        "category": 4,
        "type": "vidado",
        "name": "Vidado",
        "active": true,
        "updated_at": 978287400000,
        "updated_by": "actionabl",
        "readOnly": true
    },
    "abbyy": {
        "category": 4,
        "type": "abbyy",
        "name": "ABBYY",
        "active": true,
        "updated_at": 978287400000,
        "updated_by": "actionabl",
        "readOnly": true
    },
    "ai_space": {
        "category": 6,
        "type": "ai_space",
        "name": "AI Space",
        "active": true,
        "updated_at": 978287400000,
        "updated_by": "actionabl",
        "readOnly": true
    },
    "notification_email": {
        "category": 7,
        "type": "send_email",
        "name": "Notification Email",
        "active": true,
        "config_dat": {
            "email_template": "task_notification_email_template",
            "email_type": 2,
            "comm_mode": 1,
            "email_account": "invoice_email_account"
        },
        "updated_at": 1732703863817,
        "updated_by": "admin"
    },
    "notification_message": {
        "category": 7,
        "type": "send_message",
        "name": "Notification Message",
        "active": true,
        "config_dat": {
            "message_template": "task_notification_message_template"
        },
        "updated_at": 1732256588114,
        "updated_by": "admin"
    },
    "push_notification": {
        "category": 7,
        "type": "push_notification",
        "name": "Push Notification",
        "active": true,
        "config_dat": {
            "message_template": "task_notification_message_template"
        },
        "updated_at": 978325200000,
        "updated_by": "actionabl"
    }
}