{
    "send_notification": {
        "send_notification": false,
        "fields": [
            {
                "field": "orig_buss_id"
            },
            {
                "field": "process_key"
            },
            {
                "field": "task_key"
            },
            {
                "field": "proc_id"
            },
            {
                "field": "task_id"
            },
            {
                "field": "phone"
            },
            {
                "field": "recipient_email"
            },
            {
                "field": "error_message"
            },
            {
                "field": "email_notification"
            },
            {
                "field": "sms_notification"
            },
            {
                "field": "whatsapp_notification"
            },
            {
                "field": "email_account_id"
            },
            {
                "field": "email_template_id"
            },
            {
                "field": "message_template_id"
            },
            {
                "field": "comm_mode"
            },
            {
                "field": "save_email"
            },
            {
                "field": "content_name"
            },
            {
                "field": "notification_fields"
            }
        ]
    },
    "start": {
        "activity_type": 0,
        "start_form": false,
        "buss_id_prefix": "NO",
        "buss_id_value": "1",
        "input": [
            {
                "field": "orig_buss_id"
            },
            {
                "field": "process_key"
            },
            {
                "field": "task_key"
            },
            {
                "field": "proc_id"
            },
            {
                "field": "task_id"
            },
            {
                "field": "phone"
            },
            {
                "field": "recipient_email"
            },
            {
                "field": "error_message"
            },
            {
                "field": "email_notification"
            },
            {
                "field": "sms_notification"
            },
            {
                "field": "whatsapp_notification"
            },
            {
                "field": "email_account_id"
            },
            {
                "field": "email_template_id"
            },
            {
                "field": "message_template_id"
            },
            {
                "field": "comm_mode"
            },
            {
                "field": "save_email"
            },
            {
                "field": "notification_fields"
            },
            {
                "field": "content_name"
            }
        ],
        "default_start_event": false,
        "start_form_full_screen": false
    },
    "send_email": {
        "activity_type": 7,
        "connector": "notification_email",
        "input": [
            {
                "field": "orig_buss_id"
            },
            {
                "field": "process_key"
            },
            {
                "field": "task_key"
            },
            {
                "field": "proc_id"
            },
            {
                "field": "task_id"
            },
            {
                "field": "recipient_email"
            },
            {
                "field": "error_message"
            },
            {
                "field": "email_account_id"
            },
            {
                "field": "email_template_id"
            },
            {
                "field": "comm_mode"
            },
            {
                "field": "save_email"
            },
            {
                "field": "notification_fields"
            },
            {
                "field": "content_name"
            }
        ]
    },
    "send_message": {
        "activity_type": 7,
        "connector": "task_notification_message",
        "input": [
            {
                "field": "orig_buss_id"
            },
            {
                "field": "process_key"
            },
            {
                "field": "task_key"
            },
            {
                "field": "phone"
            },
            {
                "field": "error_message"
            },
            {
                "field": "sms_notification"
            },
            {
                "field": "message_template_id"
            },
            {
                "field": "notification_fields"
            },
            {
                "field": "whatsapp_notification"
            }
        ]
    }
}